0	5.237179487179487	5.935108792748991
1	17.857142857142858	24.463773022086976
2	36.42857142857143	21.938224957496317
3	43.3	21.082114589280543
4	2.9821428571428577	3.4314537842561985
5	28.125	19.741559377786412
6	7.600877192982457	9.901094927552764
7	2.8749999999999996	3.272005274830485
8	2.666666666666667	3.5875298424362088
9	23.692307692307693	12.030410185474528
10	8.541666666666668	8.753253363432618
11	5.0	3.4641016151377544
12	8.979166666666668	9.189024542518688
13	19.083333333333336	14.142872174114189
14	7.666666666666667	3.7859388972001824
15	5.75	8.440971508067067
16	9.833333333333334	9.474527252938094
17	23.362373737373737	20.130585928736398
18	40.333333333333336	1.5275252316519468
19	8.0	1.5491933384829668
20	11.583333333333334	13.383066968429976
21	15.833333333333334	18.131847365585475
22	22.839080459770116	20.30452557815268
23	11.75	22.174914923215646
24	18.293478260869566	15.644969452509661
25	12.566666666666666	8.675956559493727
26	14.243055555555557	18.708876057908135
27	14.023148148148149	16.465447222935396
28	15.333333333333334	20.647840887931437
29	19.1875	13.58825319899508
30	25.166666666666668	22.659997577141933
31	28.661290322580644	21.305851824868995
32	25.854166666666668	23.69204499471808
33	11.428571428571427	13.255612878351464
34	23.571428571428573	14.95389740566143
35	13.333333333333334	14.361986863476329
36	6.685185185185186	8.330288795699287
37	5.263888888888889	4.365399519283769
38	40.25	21.391197566600457
39	23.307692307692307	11.678931282332124
40	29.363636363636363	21.73927920197126
41	23.0	8.755950357709132
42	29.0	20.688160865577203
43	15.333333333333334	10.538817137927133
44	6.630952380952381	13.858482589466266
45	11.05	9.254053166045676
46	13.3125	16.759791913982703
47	22.416666666666668	13.667867648635102
48	10.234042553191488	14.847256109423927
49	11.166666666666666	5.115336417740935
50	6.416666666666666	7.262728290540837
51	10.0	6.557438524302
52	8.3125	6.046262619723581
53	6.05	6.615323121359984
54	14.4	7.700649323271382
55	9.8	2.5884358211089573
56	16.053921568627448	14.564241704871163
57	7.666666666666667	7.371114795831994
58	16.0	13.961485484112245
59	17.62878787878788	17.394657690268474
60	7.283333333333333	5.142281162631576
61	1.888888888888889	1.9460310986818883
62	9.083333333333334	10.71311501540674
63	8.795138888888888	11.283435801619946
64	3.8166666666666664	3.9221592692461296
65	13.070512820512821	9.013611501928198
66	8.98076923076923	9.387747743325216
67	6.242395437262356	8.307513769911248
68	3.7152777777777772	6.262710140160032
69	9.167283950617282	11.918503912821071
70	3.3333333333333335	4.553692030771417
71	10.692307692307692	11.04826242284743
72	2.777777777777778	1.9245008972987525
73	17.2	4.54972526643093
74	15.222222222222221	4.737556801183965
75	8.0	5.612486080160912
76	8.379629629629632	8.68576339506124
77	13.0	9.626352718795768
78	6.825	7.1005157954477855
79	7.53030303030303	11.11082259726429
80	6.270833333333334	6.254323901135715
81	11.361111111111112	10.972292545484908
82	11.666666666666666	11.930353445448855
83	14.666666666666666	13.416407864998737
84	4.857142857142857	3.4364987719368982
85	3.3333333333333335	1.1547005383792515
86	13.875	13.11463876742322
87	8.322463768115943	9.791556085989491
88	5.895833333333333	7.513991578678036
89	14.708333333333332	19.184722344317926
90	5.375	6.514969704220702
91	3.75	2.953340857778225
92	31.75	15.521490478258416
93	2.361111111111111	1.1065880159467827
94	26.0	10.583005244258363
95	8.666666666666666	6.519202405202648
96	8.733333333333333	9.472621366631074
97	2.444444444444444	2.288760783901613
98	10.38888888888889	12.983875327440513
99	11.819767441860467	14.09152492856447
100	3.25	2.701851217221259
101	5.083333333333333	4.875534158770025
102	8.25	6.3966136874651625
103	35.1764705882353	17.78424616801921
104	20.337431693989075	19.524861306591664
105	1.4166666666666667	1.1273124382057236
106	10.447916666666666	15.058958455701092
107	2.25	1.4747881203752624
108	6.5	3.0
109	15.65	11.515750084123917
110	7.096666666666668	8.547243436943303
111	3.645833333333333	2.779201024275382
112	6.907407407407408	6.718088719969595
113	6.814102564102565	7.81389090182612
114	4.881944444444444	5.6354373797673825
115	18.27217741935484	17.747628914214644
116	19.321428571428573	23.078992199668964
117	23.5	25.01332977967281
118	3.652777777777778	5.14792748661123
119	8.055555555555555	6.979865222088354
120	33.2125850340136	20.84687796664431
121	8.101851851851851	10.224543063834076
122	10.333333333333334	5.507570547286102
123	11.25	13.474512978211866
124	10.5	8.04673846971554
125	10.0	11.933147112141038
126	9.375	5.705573715987852
127	3.3333333333333335	4.0722639076235385
128	9.666666666666666	17.418798176525552
129	19.61111111111111	15.086785976844476
130	7.848039215686276	9.537036508238664
131	25.57954545454546	26.158785554538106
132	6.506410256410256	7.79841964777794
133	7.857142857142857	10.67205964858036
134	4.75	3.2015621187164243
135	9.333333333333334	8.881941729649485
136	9.018518518518517	12.83468017638863
137	23.625	20.54415975405176
138	7.4891304347826075	7.164301245815903
139	22.178571428571427	18.571698011570376
140	10.2	6.180614856144977
141	5.508333333333334	8.329424521868066
142	23.49828178694158	22.025829151130022
143	15.5	17.178423275675986
144	6.458333333333333	7.963577123759184
145	28.585451977401128	24.48767171911655
146	26.5	9.327379053088816
147	27.89814814814815	21.885743313435658
148	22.167445482866043	23.3988112560451
149	13.025462962962962	17.83247460598759
150	12.875	16.509089643274496
151	10.694444444444445	16.046518025439063
152	14.355555555555554	11.46801394816661
153	4.9375	5.4097712520956005
154	11.224358974358971	20.705507425544724
155	27.8	24.328021530304255
156	39.388888888888886	21.906590168496272
157	7.705882352941177	9.96112746919325
158	14.589393939393938	16.443551766197498
159	16.022222222222222	16.59913301745657
160	35.470588235294116	25.7660572436365
161	19.530701754385966	16.664230711708015
162	9.9	11.035980117001712
163	21.8125	21.570982630994507
164	32.75	14.26826315054966
165	20.071428571428573	25.71385581651225
166	16.642543859649123	16.153948139728175
167	10.416666666666666	14.769901827703528
168	4.837719298245614	5.236422307596645
169	9.395833333333334	13.812995154036944
170	22.176282051282048	19.776150699829998
171	13.35	9.942962335239935
172	10.103333333333333	14.638472743399811
173	10.666666666666666	2.8867513459481287
174	24.020833333333332	20.538339517875226
175	7.466666666666667	7.111610225539643
176	1.5277777777777777	0.7920320794101805
177	25.0	20.663978319771825
178	10.5	7.982122882685139
179	12.490196078431373	13.888003239736374
180	43.035714285714285	25.33332730865554
181	9.333333333333334	12.499747472196663
182	28.25	19.344619037713972
183	9.666666666666668	6.018490028422596
184	6.541666666666666	11.176215513754045
185	21.385416666666668	20.683728973887494
186	54.333333333333336	25.35650569286669
187	7.583333333333334	10.182072636482376
188	8.725	12.215278962162788
189	21.391304347826086	18.028292863694173
190	21.664529914529915	20.807779917190913
191	35.18181818181818	23.091198825601566
192	20.0	13.19090595827292
193	9.159583333333329	13.433267083549243
194	14.764705882352942	17.267081802394642
195	5.366666666666666	5.340034852154265
196	16.742559523809526	17.755881857485015
197	39.214285714285715	18.127644586593142
199	13.273809523809522	16.550338077398614
200	16.263888888888886	19.00252068762616
201	2.8166666666666664	4.176820960172142
202	24.28685897435897	20.26694101025205
203	5.3809523809523805	9.166300358981385
204	16.466666666666665	14.50549977799882
205	11.25	7.516648189186454
206	17.944444444444446	13.981601667376495
207	10.0	8.660254037844387
208	15.569444444444445	12.171507788760266
209	24.0	34.77067730142742
210	18.62666666666667	22.06654951979921
211	31.88888888888889	17.231601915526117
212	24.23148148148148	26.099628089682678
213	28.560515873015873	21.354902308576555
214	8.762755102040819	8.62785035071698
215	9.688888888888888	12.577956406894458
216	18.666666666666668	25.403411844343534
217	21.772727272727273	20.88463985368629
218	52.93617021276596	20.080627752693626
219	8.226190476190476	6.530391799026672
220	6.409090909090909	5.180821275715761
221	6.666666666666667	2.886751345948129
222	8.510233918128655	19.74104472336006
223	17.398648648648653	16.83054856407561
224	36.78333333333333	16.949461916511076
225	5.003306878306878	6.980343780289001
226	40.5	20.24022397768035
227	9.628888888888888	8.713957226802902
228	35.1764705882353	18.881986435878666
229	1.6111111111111114	0.0962250448649376
230	9.663333333333334	9.568934835648577
231	14.28125	14.205302707087942
232	23.875	15.40941270782245
233	9.666666666666666	5.773502691896258
234	18.0	10.424330514074594
235	8.966666666666665	9.969502105031234
236	21.142857142857142	9.525154666910739
237	34.041666666666664	19.531394696433708
238	24.28125	21.99156716335233
239	33.0	22.516660498395403
240	55.333333333333336	6.027713773341707
241	10.0	5.059644256269407
242	19.0	10.16530045465127
243	3.0916666666666663	3.4683089058886707
244	30.508522727272734	21.660100831603657
245	15.77948717948718	17.37132399393755
246	33.07617000955111	23.881798637002166
247	17.805555555555557	9.083169504857226
248	12.361111111111112	9.984289005033204
249	3.2291666666666665	3.9775847640943565
250	7.646929824561404	5.726677279331268
251	20.4453125	18.328049206416203
252	33.5	12.161414391426682
253	24.116666666666667	36.24298782753247
254	38.75	28.335784207723396
255	12.066666666666666	13.598111706237328
256	15.9	14.03744991086344
257	12.825	12.881769497243651
258	11.75595238095238	14.115422563685586
259	31.571428571428573	27.5067091383002
260	16.52252252252252	14.327850058096203
261	27.25	19.922767545365446
262	24.0	23.27015255644019
263	8.090909090909092	10.81925075357286
264	1.1875	0.6918005225229038
265	15.946969696969695	17.264832313823234
266	16.782738095238095	22.645032559759525
267	35.415151515151514	22.030372616473173
268	17.06741573033708	21.622295316074975
269	4.233333333333333	3.2180049029725786
270	14.777777777777779	10.77935269134675
271	18.337121212121215	17.145897385032
272	7.48404255319149	11.304559572089609
273	16.760416666666668	19.319547501807676
274	4.0625	7.291666666666667
275	5.866120218579233	6.474295305005614
276	29.022222222222222	21.127904765696947
277	5.71875	7.420335836643206
278	20.682291666666664	23.973037815587404
279	20.604166666666668	18.988711924602878
280	7.666666666666667	6.027713773341708
281	13.166666666666666	15.676946981688324
282	6.833333333333332	6.534098594637553
283	21.25	15.979898086569353
284	16.214912280701753	19.14468166757761
285	19.166666666666668	11.14300976696452
286	22.225	17.13892537931987
287	10.333333333333334	23.247461032216926
288	11.268518518518517	13.493693789314031
289	8.472222222222221	8.50040848691664
290	17.05597014925373	20.557534992358846
291	14.46388888888889	17.380044312191558
292	14.446428571428571	10.03943118764348
293	13.25	7.544313531837518
294	7.75	5.257647491307985
295	31.11111111111111	9.867173410410457
296	12.947916666666666	13.854659057393594
297	5.0625	9.295651860871217
298	13.31904761904762	10.550076776086792
299	26.985294117647058	21.00228934318783
300	16.073529411764707	19.00086534837106
301	28.5	29.508473359359
302	27.76851851851852	22.06814642011769
303	2.722222222222222	3.155407615859197
304	17.622549019607845	20.36716187100546
305	24.28968253968254	20.3307993476991
306	36.30555555555556	31.645460735865186
307	14.868055555555552	14.935426966225172
308	26.0	18.79209560274897
309	14.033333333333335	12.021046358597722
310	4.887254901960784	5.7822871574526475
311	16.916666666666668	28.827311509901318
312	17.076923076923077	13.307025327883126
313	4.875	3.923752455664518
314	23.666666666666668	15.832456116050556
315	20.729166666666668	17.419642602897984
316	26.8	23.594490882407275
317	18.805555555555554	16.489946031015993
318	11.069444444444443	11.667430530548927
319	7.375	6.182973933849848
320	5.45	5.85341780500931
321	33.083333333333336	25.3901816611525
322	7.0	1.7320508075688772
323	26.0	14.64581851587681
324	19.133333333333333	19.08548022858098
325	18.5	21.39898751498927
326	20.333333333333332	12.503332889007368
327	15.25	14.547950272902954
328	39.6	19.52690451658941
329	0.5	0.2886751345948129
330	23.1	19.20498838706674
331	13.91111111111111	15.378894095411528
332	28.464285714285715	26.964648373467842
333	16.711309523809522	19.90099572212211
334	8.758771929824562	11.805127271213072
335	16.912280701754387	9.895654430515808
336	19.666666666666668	17.7857620959388
337	13.0	7.0
338	14.45	15.297467110603638
339	14.713513513513513	13.525867595691132
340	8.188192771084339	11.924956535331695
341	18.268749999999997	18.565444986009457
342	8.226010101010099	14.113192933421013
343	14.284632034632036	11.41953439659613
344	10.43137254901961	14.89670342038555
345	22.75862068965517	17.721365580269392
346	13.41111111111111	18.66145675105563
347	30.919811320754718	21.393138923546246
348	5.234693877551017	7.144564925136031
349	18.814814814814813	16.051229713284958
350	29.444444444444443	24.06819016415189
351	15.509803921568626	19.433957839829265
352	33.58974358974359	25.32734409633902
353	24.317164179104477	23.824657771530507
354	5.39625850340136	8.578907799993264
355	43.42333333333333	25.73586418240933
356	10.525438596491231	12.584566620814522
357	5.708333333333333	9.192652561209476
358	6.164351851851851	9.543976869656387
359	5.795918367346941	12.473595505909639
360	38.285714285714285	18.874270720695282
361	28.313947633434044	19.734564935425237
362	35.25	25.927784324928346
363	18.11111111111111	17.55572629204003
364	14.4	13.015375522819154
365	12.983333333333333	11.87618832817791
366	25.03435114503817	22.747052664883785
367	31.47826086956522	20.48695719280349
368	4.411103979460849	7.178429726305331
369	39.6046511627907	25.044960186865108
370	13.496666666666664	18.123291436170174
371	47.91898148148148	21.183267547456712
372	1.7857142857142858	1.546993157931809
373	11.847222222222221	16.41005930203472
374	27.28333333333334	32.49688019213879
375	13.37962962962963	14.062396614644575
376	14.0	10.14889156509222
377	30.8	25.46958971008367
378	12.204761904761906	16.254289816588212
379	5.733333333333333	5.442715144865488
380	8.245098039215687	11.90057614640399
381	22.54218967921897	20.72704239751467
382	21.4375	22.607497834420627
383	4.979166666666666	4.55235744788712
384	14.877477477477475	16.133650834652148
385	13.681636726546907	16.442125249288434
386	28.032828282828277	25.66602512846206
387	3.6296296296296293	3.9020363075808264
388	39.2	29.337689070545416
389	6.698356807511737	7.186315343326288
390	20.322916666666668	23.316161836326703
391	6.642857142857143	5.375207637185483
392	17.375	13.847156747867052
393	24.023809523809526	20.299581667438762
394	10.333333333333334	10.152175464730044
395	1.738095238095238	2.5150948442756738
396	7.513440860215053	10.112288471765465
397	20.25354609929078	19.604736665209266
398	40.825	20.391127000360417
399	13.347046413502111	13.400913339917247
400	19.25	16.72074559741082
401	13.658333333333335	16.08217948269389
402	23.0	21.79449471770337
403	11.333333333333334	14.294292475866754
404	21.36111111111111	24.670678164799423
405	12.561403508771932	14.313100548219586
406	7.93923611111111	11.725884910974926
407	24.526041666666668	19.63457171037861
408	6.846666666666667	14.521628983462335
409	5.888888888888889	7.890453678924885
410	25.333333333333332	29.399546481762837
411	37.8125	29.359393017113508
412	13.901515151515154	15.774664029782862
413	7.680555555555556	13.244106433385955
414	0.6	0.7826237921249264
415	6.098484848484848	9.750024446422369
416	12.0	10.658330075579382
417	33.708333333333336	29.094852064698088
418	32.78030303030303	25.305323634118174
419	2.451589595375721	5.848462496154182
420	7.232744107744108	8.437380297454688
421	12.107843137254902	11.20852867562427
422	18.128612716763005	19.27857551877856
423	15.260416666666668	13.717200236975104
424	19.75	16.429503079173497
425	13.00925925925926	11.6726505818061
426	2.2048611111111107	3.5663973864441174
427	2.6944444444444446	3.728953283777177
428	14.921875	18.994308815040128
429	24.969696969696965	31.537593808537828
430	10.427350427350428	10.266428488336773
431	13.9	10.43977436963505
432	20.109375	12.472292207796716
433	18.641025641025642	14.126715915742857
434	10.0	6.745368781616021
435	19.824186991869915	20.033861963889947
436	1.825	2.022805929188585
437	13.944444444444443	10.488529890278201
438	27.8	16.90266251216062
439	7.4	4.575295983139597
440	2.0	1.7795130420052185
441	46.142857142857146	18.70319555074811
442	17.333333333333332	13.650396819628847
443	16.257246376811594	11.565167602281539
444	68.16666666666667	16.678329252855836
445	9.097222222222221	11.613076494096072
446	7.044270833333334	8.527049107179721
447	9.489341085271318	10.414504061876452
448	19.625	16.56854449451329
449	26.55	26.07678804654038
450	6.890350877192984	11.216825319154072
451	21.364427860696512	20.270849190577362
452	25.20474137931034	24.12939752977527
453	10.295833333333334	17.946465936776608
454	8.01388888888889	10.9288554273712
455	9.125	13.826325272153873
456	21.242346938775512	19.671602585260718
457	29.266666666666666	14.270619282730646
458	23.5	13.906433363335434
459	17.136363636363637	15.335453575412641
460	22.166666666666664	21.902879059865874
461	23.197916666666668	27.858127589941507
462	18.02777777777778	23.032635863374708
463	21.549242424242426	16.343754765235822
464	37.369565217391305	28.88543884165686
465	38.666666666666664	18.583146486355137
466	17.904761904761905	18.092176644679792
467	25.175	23.7039165096137
468	37.166666666666664	18.51935924017531
469	33.5	17.97220075561143
470	64.33333333333333	0.5773502691896247
471	27.801282051282048	24.65285692776508
472	5.833333333333334	8.73053390247253
473	2.4666666666666663	2.065366974835402
474	30.2578125	21.653380535354543
475	52.77777777777777	45.41822117625056
476	18.018595041322317	17.395087268111
477	15.0	12.701705922171767
478	13.680555555555555	15.642987962361039
479	27.972222222222225	31.800193628574256
480	33.839506172839506	21.510556019303074
481	23.525	22.76109234112905
482	1.75	1.3919410907075054
483	27.416666666666668	27.747747656341403
484	27.535714285714285	22.726199830375485
485	32.13725490196079	26.90057219305429
486	18.78787878787879	16.291181583991918
487	62.666666666666664	8.736894948054104
488	13.16304347826087	15.36684164473583
489	37.33333333333333	31.07185732234746
490	17.04819277108434	21.063223966802074
491	28.333333333333332	42.15843134336634
492	28.0	10.583005244258363
493	16.291666666666668	9.229519368730843
494	24.5625	18.172892787282503
495	13.974358974358976	10.824750051396737
496	14.044117647058824	14.537998512013067
497	4.25	0.5
498	15.0	11.090536506409418
499	26.333333333333332	13.051181300301261
500	3.8055555555555554	6.231825426642513
501	8.333333333333334	4.932882862316247
502	30.841549295774648	25.847773057070828
503	18.277310924369747	23.231476910639742
504	7.110632183908045	10.804858979461118
505	14.418367346938776	18.178811321844112
506	14.880208333333332	14.055839986691705
507	9.166666666666664	18.747184973868595
508	23.48333333333333	25.598900439349023
509	10.273809523809524	16.230380912050848
510	8.345833333333335	13.997056786489456
511	2.7	3.112809556226229
512	0.8125	0.5788518328937419
513	31.571428571428573	20.807507802530818
514	22.791666666666668	19.067260334580496
515	16.857371794871792	21.833925215787556
516	6.222222222222222	6.938886664887109
517	49.22222222222223	42.05331712815865
518	19.4	30.221370749851836
519	22.881410256410255	21.465970137210757
520	5.166666666666667	4.752192476461084
521	16.722222222222225	28.81940093704882
522	20.25	28.663274993156893
523	25.555555555555557	41.104654147585194
524	4.0166666666666675	10.029381439724588
525	4.583333333333333	9.055543024972282
526	10.388176638176637	15.202678299878697
527	4.0	5.127917963039083
528	11.071180555555548	15.607479346180055
529	24.5	12.261049438499679
530	19.333333333333332	13.279056191361391
531	18.527777777777775	11.093750326030252
532	10.070121951219512	12.028126826915658
533	16.666666666666668	6.623191577077222
534	14.777777777777779	13.451559182654048
535	38.59842519685039	16.906962894787142
536	6.020833333333333	8.024376922852017
537	23.0	17.530925056406275
538	13.3125	11.6945500127196
539	15.91666666666667	24.820431491906913
540	5.018518518518518	8.734587395825212
541	19.855855855855857	23.147196126569092
542	5.722222222222222	7.4450533540361175
543	14.333333333333334	6.429100507328636
544	12.631944444444443	12.015744003441027
545	8.083333333333334	7.072540797572915
546	32.8	20.620378270051205
547	5.833333333333333	8.786827262062987
548	11.050399201596806	11.38061892526682
549	13.5	18.611824198610947
550	4.526666666666667	6.092493103994638
551	12.773188405797102	17.64624051867017
552	13.529761904761905	17.76251816571349
553	33.93509615384615	25.51045737288182
554	31.69848484848485	19.7021839446431
555	15.625	18.262904696221312
556	5.00877192982456	12.927053611504975
557	7.733333333333334	16.233819783461463
558	6.3916666666666675	6.644645342559304
559	19.302083333333332	19.084811623964807
560	28.26717171717172	20.48929238372192
561	7.3682170542635665	11.861360623720433
562	3.7121212121212115	4.656143438208462
563	1.5	0.8660254037844386
564	27.734375	20.087291420706038
565	13.25	17.876893839068725
566	7.4833333333333325	9.8335805053681
567	16.369047619047617	21.813490619703053
568	25.727272727272727	18.412446383307728
569	11.732142857142858	13.243454219739261
570	3.7435897435897445	4.39271921115394
571	19.620833333333334	18.015536565657378
572	23.57993197278911	22.080712365322153
573	15.909090909090908	13.20192823381907
574	18.524891774891778	22.432554309773558
575	45.390625	22.872978273076843
576	12.021825396825395	14.585722742551505
577	25.142857142857142	22.527232197413657
578	19.1	18.675832736321603
579	16.869918699186993	18.214177635503322
580	26.244318181818183	21.04304832924273
581	34.2	24.92388412747901
582	29.405940594059405	18.990486153767513
583	6.972222222222223	7.036676404014527
584	4.890625	5.695783728772208
585	28.5	27.82759421868876
586	41.06666666666667	17.555897123460362
587	12.5	8.18535277187245
588	13.416666666666668	16.98163915457128
589	10.698392554991544	18.178985056553188
590	21.444444444444446	31.784575807445652
591	15.444444444444445	17.481206840278293
592	13.070512820512821	15.266278967196738
593	36.07170542635659	23.114913679163667
594	12.145833333333334	18.571337649240075
595	14.284653465346535	18.131388787154034
596	3.6666666666666665	3.7859388972001824
597	4.628787878787878	11.300217605395613
598	31.0	17.435595774162696
599	39.11507936507936	20.149920417013455
600	29.797619047619044	20.457813437587376
601	23.17037037037037	24.632269959233493
602	6.243386243386242	9.532829776385524
603	6.983333333333333	16.124417480345137
604	7.131250000000001	7.51700085248361
605	8.142611683848797	11.832764552320354
606	5.717948717948719	4.193598856295314
607	15.7875	14.721822997455886
608	6.069940476190477	9.06093509198525
609	22.333333333333332	21.455380055672126
610	11.212962962962964	15.555071917084762
611	47.083333333333336	35.37772368784251
612	44.666666666666664	34.32928778754375
613	47.333333333333336	16.219330031375115
614	59.45	13.566502865514014
615	9.357142857142858	7.110522049014672
616	23.0	21.068143408156935
617	19.75	35.52815784698103
618	34.333333333333336	19.746729687047758
619	21.583333333333336	14.855788247159571
620	9.63095238095238	15.655230219042876
621	8.794871794871796	14.143101944802725
622	7.15625	5.316274336173813
623	45.91666666666667	22.023080662599067
624	2.95	2.365910155563294
625	49.166666666666664	24.36732785240652
626	29.454166666666662	27.681148120287748
627	32.79761904761905	27.662509617520936
628	12.874999999999998	11.240345651730216
629	18.104166666666668	18.324876296167492
630	3.593253968253969	7.914006878414772
631	17.074074074074073	17.511921051597366
632	11.281250000000002	17.20995106543314
633	24.566666666666666	29.392837373906058
634	10.525641025641026	11.540141758005912
635	20.833333333333332	15.967675681409196
636	20.333333333333332	20.502032419575706
637	13.716666666666665	12.099644163730142
638	23.25	14.974979131871937
639	13.375	10.418904521521034
640	7.261904761904762	9.671745381789096
641	19.375	15.096219173466359
642	13.2	2.1679483388678804
643	35.125	18.87127446676562
644	15.854166666666668	19.257799646434744
645	5.770833333333333	4.829200819551363
646	15.222222222222221	24.922843901692843
647	5.235395189003437	8.506899180514035
648	7.333333333333333	5.859465277082315
649	8.777777777777777	10.12331375990498
650	10.36111111111111	16.256337795411316
651	20.571428571428573	17.97087590943694
652	1.6785714285714288	2.1400223753960534
653	2.1666666666666665	1.4433756729740643
654	14.875	11.2913130325928
655	20.791666666666668	19.39963954543366
656	4.458333333333334	5.7209410647783
657	8.59375	9.91813131107386
658	6.772222222222221	17.920914963296187
659	12.25	22.076005073382277
660	6.321428571428571	5.0388372619465445
661	34.333333333333336	38.03068936179482
662	20.25347222222222	18.403949737427187
663	15.428571428571429	19.5073246316791
664	6.446969696969696	11.268520109337581
665	14.201388888888888	11.575916435857954
666	16.821969696969695	16.488559878982194
667	18.5625	14.957578903909104
668	27.034271284271284	17.875784103892713
669	23.15948275862069	22.813931252240568
670	37.130801687763714	19.076967192645817
671	51.470588235294116	22.83943313399772
672	29.0	18.934096228761486
673	27.05	33.53002385922205
674	13.238993710691823	12.505319783977232
675	22.666666666666668	12.701705922171767
676	28.5	23.49068964504874
677	48.54545454545455	16.77714896139172
678	21.25	23.084987907007157
679	23.66964285714286	19.975505604303493
680	5.65	6.866585760041158
681	38.570707070707066	28.559020888980164
682	31.060606060606062	25.699546654217915
683	18.555555555555557	15.322459912748272
684	18.648692810457515	22.576163152792923
685	4.690476190476191	4.591359938034273
686	1.097222222222222	1.4826933700632876
687	26.0	17.686152775547317
688	20.75	24.52719579025155
689	4.2407407407407405	3.4881855271193554
690	6.681201550387598	11.060867334985756
691	4.194444444444444	6.760965030833109
692	3.406118143459916	3.9891315819218054
693	32.08333333333333	25.092283379261943
694	46.77777777777777	20.76532333479672
695	36.65625	24.216351721618352
696	3.611111111111111	2.500925754521639
697	8.998397435897434	9.449837325901772
698	37.0	20.334699407662757
699	21.63690476190476	17.980788419993868
700	14.666666666666666	21.07921567168317
701	10.35	12.775301692458513
702	10.25	9.604686356149273
703	2.513157894736842	5.41326553890273
704	20.2	30.32655601943617
705	41.4	25.880494585691363
706	10.572916666666666	9.740916507609157
707	5.427083333333333	3.649156648601392
708	9.722222222222221	13.06500839817734
709	36.02916666666667	25.50996358208032
710	9.774509803921568	10.976166585716955
711	13.5	8.06225774829855
712	5.4	3.9115214431215892
713	16.547619047619047	12.628859617483092
714	28.851851851851848	28.95766229375646
715	8.196969696969697	11.416804909581066
716	11.666666666666666	11.718930554164631
717	22.933333333333334	24.885813302034226
718	14.609375	19.744964635881782
719	0.7222222222222223	0.4194352464039306
720	1.9583333333333333	2.160782608566045
721	13.337962962962962	9.66389717858619
722	59.0	18.24081337899362
723	30.0	28.948229652260256
724	15.729166666666666	21.027225124313752
725	9.256944444444445	12.504820198573555
726	0.8376436781609196	1.1164443365332937
727	15.071138211382113	16.77919885535785
728	2.5	2.4579802006254377
729	4.572222222222222	3.791289445739491
730	1.6666666666666667	2.7306316497010736
731	7.895833333333333	13.415954950066812
732	14.0	11.335784048754634
733	4.885057471264369	7.078689436852311
734	14.888888888888888	23.48837379862011
735	22.23076923076923	10.756035872583714
736	13.222222222222221	20.60294836865543
737	21.4	15.290519938837921
738	9.333333333333334	1.1547005383792515
739	12.879032258064514	17.433163886866094
740	10.25	12.42728852163657
741	3.9861111111111107	6.543320739219215
742	11.942708333333334	16.444596060205715
743	5.2	4.147288270665544
744	15.954545454545455	27.528807225754026
745	32.45833333333333	32.05105054861449
746	16.095238095238095	20.195080337578997
747	16.695121951219516	18.885791706664932
748	55.125	20.1170680908384
749	16.0	14.177446878757825
750	4.5	4.358898943540674
751	2.055555555555556	1.6358257627039396
752	37.25	19.414341777836988
753	13.796413502109706	13.067024311282019
754	15.015350877192983	13.893185067327046
755	26.416666666666668	18.65211824837906
756	13.0	9.539392014169456
757	12.166666666666666	11.750886491381548
758	27.236486486486488	21.538764684576556
759	19.857142857142858	22.682067597028947
760	40.0	22.847319317591726
761	4.348484848484848	4.9619130189958796
762	40.0	22.464787260658994
763	17.404761904761905	16.19657084706226
764	21.426470588235293	23.257230936843563
765	9.545572916666664	13.61627639023751
766	6.25	3.304037933599835
767	14.232026143790849	19.07213145553167
768	12.3	15.498387012847498
769	9.6	8.734987120768983
770	20.791666666666664	28.464820950535273
771	6.017543859649123	5.7554039922241955
772	6.5666666666666655	4.451695473928174
773	15.079059829059828	15.186004982826509
774	1.1	1.6608230891137483
775	17.375	11.500776371308902
776	26.333333333333332	23.180451534284945
777	16.666666666666664	18.280446689914218
778	35.88888888888889	22.017189052115935
779	13.99712643678161	14.384503117584288
780	0.4166666666666667	0.4138795673819817
781	19.4	17.008821240756223
782	6.405555555555556	11.288903926061726
783	8.027777777777779	13.997023493109763
784	18.447791164658636	21.32226160407229
785	12.333333333333334	12.096831541082704
786	8.5	4.43471156521669
787	12.696666666666667	12.85653296245978
788	10.30482456140351	14.429559619379598
789	21.0	12.12435565298214
790	19.50505050505051	19.531526557223575
791	8.535714285714286	13.992711160045632
792	17.083333333333332	25.840590378532593
793	29.920634920634917	17.973453704545165
794	13.20258620689655	23.083289062326738
795	13.0	12.083045973594572
796	9.23611111111111	14.753852290415795
797	10.714285714285714	9.024995814433904
798	40.333333333333336	15.37313674346694
799	11.975490196078432	20.417958392510762
800	1.25	0.25
801	47.388888888888886	22.49219181872806
802	12.074358974358972	20.46487412651199
803	17.833333333333332	16.25064101299802
804	2.875	1.6520189667999174
805	60.75	4.5
806	28.853333333333335	18.61477907470298
807	20.514367816091955	22.508861449058134
808	8.378205128205128	15.336073705324864
809	13.0	14.966629547095765
810	63.666666666666664	16.743157806499145
811	22.453125	18.126918001966025
812	7.888020833333333	10.631380845429042
813	29.006410256410255	17.76037977475678
814	10.0	9.643650760992955
815	10.125	7.3375258578274
816	2.4166666666666665	1.8848813696829247
817	11.916666666666666	9.03811374126261
818	18.571428571428573	15.640302030940695
819	8.787878787878789	11.312589772005673
820	12.92361111111111	12.327498217464374
821	6.340277777777778	13.067011549123075
822	10.013888888888888	15.611998294284454
823	28.857142857142858	19.290719741157094
824	49.666666666666664	10.739335795724676
825	10.666666666666666	9.709102258533827
826	33.333333333333336	29.56912804486012
827	27.30874316939891	22.468554900571064
828	6.351190476190476	10.420393106348842
829	21.264705882352942	21.874508631269347
830	8.722222222222221	7.674512893216621
831	40.21739130434782	28.25728138854186
832	6.033333333333333	5.914050394060915
833	12.0	8.888194417315589
834	19.333333333333332	16.289055630494154
835	3.8333333333333335	3.7564758898615485
836	34.666666666666664	27.50151510977774
837	18.0	31.176914536239792
838	36.57142857142857	18.60402886769127
839	8.5	7.047458170621992
840	28.473544973544975	23.271504225448336
841	6.25	4.716990566028302
842	51.0	24.331050121192877
843	11.46917808219178	15.1161877887808
845	15.013888888888888	10.310245264173274
846	19.333333333333332	17.925772879665004
847	4.5256410256410255	5.5374759233011215
848	24.55804311774461	22.189753396965266
849	37.0	28.310775333784132
850	23.4375	18.68257586290006
851	22.34210526315789	22.5841249510595
852	1.6666666666666665	1.015504800579495
853	26.93421052631579	22.58838229311438
854	15.486111111111112	11.87017933341394
855	24.15625	31.908053590411487
856	39.333333333333336	22.052966542697455
857	17.26282051282051	18.194530501525456
858	40.4	11.76010204037363
859	3.8541666666666665	4.678741818053226
860	13.88888888888889	6.293735862833068
861	20.81666666666667	24.51006973712067
862	34.03181818181818	24.920524345808484
863	18.922101449275363	19.246856422606843
864	51.4	30.509015061125783
865	32.630630630630634	19.935773203842714
866	4.604166666666666	4.532483069772878
867	17.25	10.012492197250394
868	28.0	24.041630560342615
869	34.53846153846154	25.503644787282806
870	40.25	26.927150398276986
871	15.2	14.024977718342372
872	30.405405405405407	19.93246857023242
873	8.5	5.744562646538029
874	44.523809523809526	19.678189108680208
875	23.633333333333333	20.506232115031654
876	41.59523809523809	26.541437381858586
877	5.325	5.800950757719512
878	46.666666666666664	16.041612554021288
879	5.166666666666667	3.1754264805429413
880	10.089147286821706	16.129317798400876
881	34.0	26.851443164195103
882	30.0	23.065125189341593
883	35.007936507936506	29.585480024952755
884	25.839285714285715	26.32262976816883
885	10.4	8.82169044017201
886	22.714285714285715	12.461809792189227
887	11.46969696969697	9.005189300810635
888	9.548245614035089	10.755823709261756
889	12.333333333333334	8.736894948054106
890	25.348101265822784	15.863470865073936
891	38.5	31.22018577779447
892	9.333333333333334	9.237604307034013
893	20.098484848484848	19.390082222628365
894	27.16666666666667	22.262948791408764
895	18.125	11.08973141501375
896	41.50735294117647	24.036416392273807
897	23.0	20.018741219167605
898	28.733333333333334	20.658677411222442
899	34.333333333333336	23.671361036774655
900	26.333333333333332	22.312925999668142
901	25.40880503144654	23.00769371592438
902	27.666666666666668	10.214368964029708
903	18.2	16.679328523654664
904	42.666666666666664	28.0237994093116
905	22.65686274509804	23.831728572739028
906	40.25	24.71407927246561
907	1.8333333333333333	0.2886751345948129
908	6.979166666666666	8.05374740243461
909	32.666666666666664	26.558112382722783
910	38.0	14.555313217417993
911	29.818181818181817	19.10402147097925
912	4.59375	7.341099445684452
913	23.333333333333332	30.98924544633724
914	35.45370370370371	24.91473112759786
915	30.458333333333332	18.55693815540979
916	23.276422764227643	22.06248574932173
917	20.0	13.711309200802088
918	14.452380952380953	20.242670782056415
919	31.572916666666668	25.0352321184011
920	9.881250000000001	11.323161717247032
921	14.207159624413144	14.840546729802373
922	3.725574712643677	6.784288623768993
923	2.7583333333333337	2.658683072314627
924	39.25	21.761969886325392
925	19.5	32.37797605369016
926	1.1666666666666667	1.245361765081105
927	3.083333333333333	3.579940254001765
928	8.45	17.081056758877654
929	0.8166666666666668	0.5725188012439222
930	17.024305555555554	23.607249346736726
931	51.5	31.342197327777345
932	39.30769230769231	21.343947679942026
933	1.1111111111111112	1.637946998645063
934	2.760416666666666	4.434362013667126
935	21.25	30.510927004381013
936	64.33333333333333	8.504900548115382
937	3.833333333333333	6.78369504905096
938	7.073529411764705	7.176826758412204
939	1.7222222222222223	1.9726134197312213
940	9.666666666666666	6.429100507328636
941	25.088888888888892	19.19650268142498
942	26.142857142857142	19.23909709791125
943	16.25	19.517086531208154
944	23.0	27.320322106446696
945	25.623511904761905	18.884142986409756
946	48.77777777777778	14.813657362192648
947	25.2	9.589345939924973
948	25.5952380952381	19.20741011106399
949	3.1875	3.6364760872764355
950	28.5	24.089416763383873
951	3.111111111111111	4.247003300803643
952	2.791666666666667	2.0917422887318446
953	7.8	6.340346993658944
954	23.338435374149658	8.67595002541724
955	6.833333333333333	6.4485140407177015
956	16.972222222222225	13.904518982983488
957	38.5	11.844830095868831
958	30.25	29.033027170218862
959	8.75	8.381527307120106
960	20.0	15.313392831113555
961	15.618055555555555	17.555340288444928
962	44.025	23.056772184972978
963	36.333333333333336	25.40341184434353
964	0.6388888888888888	0.048112522432468774
965	15.333333333333334	21.361959960016154
966	16.8	13.516656391282572
967	17.666666666666668	8.020806277010642
968	20.175925925925924	14.281303607025846
969	4.176470588235294	3.2119679565018653
970	9.13888888888889	9.965333429964618
971	4.3	4.85673846287115
972	0.5833333333333334	0.4714045207910317
973	40.2	19.613770672667712
974	37.25	23.386249521175188
975	10.833333333333334	4.535048695071164
976	24.0	22.06807649071391
977	2.2833333333333337	3.7641400080230807
978	10.631944444444445	9.668982111232808
979	15.2	8.843076387773658
980	8.821428571428571	6.899145909872778
981	0.5	0.3632415786283894
982	10.8525641025641	14.264131794135102
983	39.699122807017545	22.798989594438414
984	7.4	1.6733200530681511
985	23.074074074074073	15.096932765213564
986	5.875	7.589054618330269
987	5.654761904761904	5.439147488055954
988	19.77777777777778	26.0997826274215
989	56.57142857142857	14.128660503354435
990	6.291666666666666	8.020950576343688
991	7.635416666666667	13.463349536945412
992	20.0	7.211102550927978
993	8.607142857142856	11.129723265322086
994	6.722222222222222	9.402521332462236
995	5.4375	8.392394870754513
996	7.895833333333332	6.358316454165609
997	34.666666666666664	9.458682078739441
998	24.2	18.00555469848124
999	72.0	5.196152422706632
1000	47.0	2.2360679774997894
1001	37.0	24.058262613912916
1002	7.25	7.088723439378913
1003	1.2	1.100189377637626
1004	3.8	1.9235384061671346
1005	5.05	7.282250533969988
1006	34.75	32.99526481178777
1007	4.1842105263157885	6.6994732742715675
1008	12.55	19.34956215410456
1009	5.979166666666666	6.293873785056563
1010	20.666666666666668	13.316656236958787
1011	12.904761904761907	12.425651910335546
1012	10.208333333333332	11.969966273661452
1013	6.083333333333334	6.876557062734014
1014	15.84313725490196	20.42665321986707
1015	5.861111111111112	8.365873966431852
1016	9.75	1.2583057392117916
1017	1.7777777777777777	0.38490017945975064
1018	5.8055555555555545	4.693622544750759
1019	34.125	26.813842373989278
1020	15.11111111111111	13.042665031009234
1021	11.3125	7.567762893135484
1022	16.875	23.01584599067926
1023	10.964912280701755	13.896478920243311
1024	0.75	0.6123724356957945
1025	8.191666666666666	14.266210727397745
1026	42.666666666666664	14.123266855323052
1027	14.477272727272727	12.84350737992476
1028	5.583333333333333	7.751087993266822
1029	12.170454545454549	16.99993306858551
1030	33.666666666666664	27.061657993059725
1031	37.0	33.04542328371661
1032	14.253968253968253	13.46297588116088
1033	5.135964912280701	7.709132117086882
1034	4.146825396825397	4.077538810523175
1035	31.0	11.504939650586454
1036	6.75	7.92148975887743
1037	13.216666666666669	8.952730806233864
1038	35.04457364341085	21.56882015521426
1039	12.0	6.928203230275509
1040	66.75	5.439056290693572
1041	6.427259887005645	9.727163253653165
1042	9.86111111111111	15.718074639419752
1043	19.145833333333332	35.907698996485735
1044	26.884920634920633	22.46012633829728
1045	1.222222222222222	0.693888666488711
1046	20.333333333333332	22.58317958127243
1047	21.0	12.30176139149729
1048	13.666666666666666	18.475208614068027
1049	10.142857142857142	9.063269671749657
1050	9.0	10.392304845413264
1051	6.840909090909091	4.672088300846752
1053	24.001937984496124	21.815169413166682
1054	8.214285714285714	5.758017185174243
1055	41.0	19.313207915827967
1056	5.25	8.444672877027267
1057	38.666666666666664	15.743781841306957
1058	24.0	21.0
1059	51.857142857142854	20.011901220928273
1060	7.166666666666667	5.299371031861549
1061	20.083333333333332	24.786402335569814
1062	10.194444444444445	9.709793643151876
1063	33.666666666666664	16.874537030686206
1064	28.333333333333332	22.501851775650227
1065	11.833333333333334	12.983964469041547
1066	12.944444444444443	17.688463302580413
1067	7.375	8.863548950617918
1068	7.0	8.602325267042627
1069	34.07692307692308	24.510071190096323
1070	11.098809523809525	13.000327421068304
1071	27.142857142857142	28.620671849955887
1072	9.988636363636363	11.705329797617651
1073	33.4	27.300183149568795
1074	39.75	9.5
1075	18.1	14.89556235184754
1076	31.181818181818183	13.098230276019597
1077	12.46875	18.506966593691143
1078	19.5	26.488991424111763
1079	12.31111111111111	12.668251258444867
1080	4.666666666666667	3.214550253664318
1081	12.1	15.844557425185469
1082	3.5833333333333335	2.539088359425425
1083	7.595238095238095	9.139787431101135
1084	10.409722222222223	10.038443147198821
1085	12.783333333333335	15.983749463551417
1086	18.333333333333332	1.1547005383792517
1087	9.71875	8.14098701895889
1089	8.083333333333334	11.311866925195563
1090	15.6	13.258959235173778
1091	5.147619047619048	4.374338685512844
1092	38.0	24.166091947189148
1093	45.5	29.399546481762833
1094	16.333333333333332	12.741009902410928
1095	38.3125	42.36418249339096
1096	3.25	1.707825127659933
1097	2.7556497175141246	3.0353861472514767
1098	4.25	2.8722813232690143
1099	7.632352941176471	6.934155777012028
1100	24.883333333333333	20.804975938691296
1101	36.37037037037037	20.899878905668448
1102	20.25	29.635283025474887
1103	18.666666666666668	19.75685535031659
1104	23.333333333333332	12.225656083281038
1105	31.96153846153846	18.09979458730303
1106	21.428571428571427	21.63113104488136
1107	26.142857142857142	12.401996767034081
1109	14.819444444444443	21.93693085153858
1110	10.944444444444445	8.756479082709324
1111	48.833333333333336	18.861777929629717
1112	4.416666666666667	5.027010377285224
1113	12.0	11.51810169544733
1114	26.854166666666668	25.037229224141843
1115	8.9	4.77493455452533
1116	2.4	0.8944271909999159
1117	14.285714285714286	6.676183683170241
1118	6.1499999999999995	7.006544559671812
1119	25.63235294117647	26.409716797797536
1120	27.369883040935672	23.751565226426532
1121	5.5	4.764451699828638
1122	18.75	14.453949863849212
1123	7.3125	6.5744930096041125
1124	19.714285714285715	29.0844419218379
1125	17.75	28.217902119044926
1126	2.5	2.5918318989843057
1127	2.5	1.3228756555322954
1128	7.930555555555555	12.574557061547642
1129	10.354166666666666	11.357637250460302
1130	5.0	1.7320508075688772
1131	17.666666666666668	0.5773502691896263
1132	27.5	18.193405398660254
1133	11.0	9.695359714832659
1134	13.25	21.308742337360034
1135	6.472222222222221	5.495621152504223
1136	5.568181818181818	16.084793464887287
1137	7.361111111111111	7.733554833992604
1138	17.016666666666666	23.7191566421082
1139	2.791666666666667	2.148966159704605
1140	31.666666666666668	18.502252115170556
1141	4.3	4.9974298950115905
1142	11.25	13.524668819112232
1143	8.875	6.811448695639815
1144	9.5	1.9148542155126762
1145	5.333333333333333	3.214550253664318
1146	28.0	17.578395831246947
1147	14.465686274509803	13.771544321772193
1148	3.722222222222222	3.9662931663558965
1149	2.0714285714285716	2.9251577084060987
1150	4.563988095238096	4.5068127741979565
1151	7.888888888888889	5.480605535617122
1152	2.833333333333333	3.0
1153	7.541666666666667	3.61420807370024
1154	11.56060606060606	10.7397832731233
1155	8.714285714285714	3.6839419880650364
1156	28.38888888888889	23.331547550711484
1157	31.0	24.269322199023193
1158	0.5166666666666667	0.19002923751652304
1159	4.5	3.872983346207417
1160	1.8854166666666665	1.9492252734526778
1161	15.723684210526315	16.48123313102522
1162	25.22222222222222	15.229722402080888
1163	15.349999999999998	32.23138997933536
1164	1.6481481481481481	2.794811505040581
1165	11.6	15.18917743365687
1166	10.0	10.44030650891055
1167	32.25	18.35528988239267
1168	24.90909090909091	17.472575914584233
1169	14.833333333333334	10.778064142816495
1170	7.964285714285714	11.167481017451172
1171	10.03125	16.57401678554138
1172	41.714285714285715	26.29774569371733
1173	4.8	1.0954451150103324
1174	9.0	10.554619841567009
1175	6.5925925925925934	8.835640139453893
1176	39.22222222222222	21.55677258878157
1177	4.65	6.223945693850485
1178	0.5	0.34020690871988585
1179	8.708333333333334	5.395529855745627
1180	13.37037037037037	17.44232117297565
1181	5.285714285714286	5.34544136496168
1182	6.121212121212122	6.452908744514467
1183	9.333333333333334	1.1547005383792515
1184	9.285714285714286	8.138678961483567
1185	3.5833333333333335	2.6822461565718467
1186	6.354166666666667	6.579451839472382
1187	3.5333333333333337	2.9549602575088536
1188	4.226851851851852	4.702186721593118
1189	1.5256410256410258	1.5143543940469255
1190	12.052083333333334	11.046343349221448
1191	6.5625	9.7365631964666
1192	6.166666666666666	7.30962075319613
1193	24.5	6.60807586719967
1194	53.0	24.42334948363963
1195	13.333333333333334	16.441816606851365
1196	31.45	22.7461535209802
1197	24.356060606060606	19.914292753315895
1198	6.729166666666667	7.250598634289141
1199	25.5	11.120551545074852
1200	39.166666666666664	32.664455707491385
1201	33.916666666666664	29.073541809234964
1202	51.75	13.375973484822204
1203	25.25	15.239750654128171
1204	37.5	17.233687939614086
1206	16.791666666666668	13.798399665661716
1207	11.366666666666667	9.10780887698477
1208	8.5	10.945175877983871
1209	7.1953125	13.433071340313822
1210	3.8525641025641018	8.677220726947052
1211	14.460526315789474	24.510931808127253
1212	4.565420560747664	6.875055060170057
1213	21.86111111111111	33.10298884346201
1214	2.9583333333333335	5.446392791971989
1215	3.9444444444444446	4.39802144066995
1216	5.0	1.0
1217	9.869047619047619	19.919215152086995
1218	42.84615384615385	19.13045631903115
1219	32.0	20.647840887931437
1220	1.5	0.6490734136415511
1221	14.763888888888891	14.571741424694173
1222	35.0	24.041630560342615
1223	6.5	1.0
1224	54.2	30.857738089497097
1225	31.708333333333332	37.09906033550955
1226	19.7	29.76071235706565
1227	23.333333333333332	23.09401076758503
1228	26.666666666666668	9.451631252505216
1229	10.469696969696969	11.953513705140839
1230	36.57142857142857	28.820462307517683
1231	8.791666666666666	13.632154934130854
1232	31.295454545454547	22.787282138788015
1233	6.333333333333333	1.5275252316519465
1234	28.728046594982082	18.85104812584336
1235	13.725	11.36909187226491
1236	5.12962962962963	5.358413930890065
1237	2.8229166666666665	3.415486875284122
1238	11.607843137254902	10.466537482030295
1239	11.75	18.423829677892705
1240	2.9285714285714284	1.5865672904720327
1241	8.25	20.682411677021076
1242	31.583333333333332	28.085880201031028
1243	6.6990740740740735	7.42501396803823
1244	10.337398373983739	17.742809099153305
1245	2.3391812865497066	2.502224191602419
1246	9.675925925925926	12.936036849928808
1247	2.6833333333333327	5.011602699352935
1248	12.652380952380954	13.367581102153792
1249	38.111111111111114	24.48742507753938
1250	8.833333333333332	14.79160798110424
1251	28.829588014981276	22.079987990295013
1252	36.0	20.8806130178211
1253	50.2	9.338094023943002
1254	12.0	1.7320508075688772
1255	20.55	18.32492231300798
1256	19.555555555555557	33.29386552326842
1257	21.185897435897434	19.455556958904992
1258	31.125	18.140434604690675
1259	31.01736111111111	23.725724679639907
1260	29.5	6.350852961085883
1261	0.31249999999999994	0.04166666666666666
1262	6.666666666666667	2.886751345948129
1263	13.477777777777778	17.74551280680557
1264	2.7708333333333335	3.0530608502870615
1265	27.25	20.581140234042753
1266	14.166666666666666	18.08544534517559
1267	11.916666666666668	9.438580696034524
1268	3.4166666666666665	1.9418633662885072
1269	19.377873563218387	22.52398123948164
1270	4.697916666666667	3.1345291221266898
1271	23.88888888888889	17.17879830230017
1272	4.837121212121212	4.319917975834879
1273	20.36111111111111	30.143676015106447
1274	21.0	12.328828005937952
1275	4.516666666666667	3.633222900122604
1276	12.0	18.186533479473212
1277	0.6833333333333333	0.3698723503528691
1278	11.078947368421053	11.095561121826472
1279	2.898148148148148	5.140014891653501
1280	14.052631578947368	9.312319702717149
1281	4.333333333333333	1.505545305418162
1282	22.0	19.672315572906
1283	64.0	14.730919862656235
1284	8.0	3.605551275463989
1285	28.666666666666668	39.272551907577046
1286	30.333333333333332	9.237604307034012
1287	13.93888888888889	15.993192582930682
1288	6.399305555555555	9.861917727485526
1289	25.5	17.84096409950987
1290	25.818181818181817	25.498306539133857
1291	25.75	18.874586088176873
1292	25.333333333333332	30.892285984260432
1293	20.75	16.33758448078132
1294	28.463333333333335	23.826596022187793
1295	14.0	18.65475810617763
1296	7.217391304347826	11.437929191882017
1297	13.041666666666666	10.06127062883544
1298	5.166666666666667	3.5433819375782165
1299	8.809523809523808	8.960885359297173
1300	38.333333333333336	7.297259759663212
1301	7.151960784313724	11.971038376177798
1302	59.666666666666664	13.279056191361391
1303	43.6	23.55419283269966
1304	36.77777777777778	25.048841179672255
1305	11.333333333333334	7.76745346515403
1306	9.333333333333334	6.027713773341707
1307	23.59090909090909	19.846216122281206
1308	26.8	9.909591313469996
1309	33.0	14.683323874382122
1310	2.0833333333333335	2.5262510652040198
1311	22.666666666666668	21.77919496522618
1312	7.888888888888889	8.64527273952307
1313	17.555555555555554	18.59012083318967
1314	35.81481481481482	22.110602023896003
1315	21.0	18.681541692269406
1316	2.3333333333333335	2.5182665996011355
1317	6.163461538461538	8.603535473837056
1318	20.0	24.576411454889016
1319	31.142857142857142	23.176342617912283
1320	9.666666666666666	10.969655114602888
1321	6.270833333333333	9.209841505452498
1322	23.0	22.045407685048602
1323	11.904761904761903	12.900476284222547
1324	3.0833333333333335	3.9698993702738874
1325	6.571428571428571	13.91828238886123
1326	34.0	22.90560339014597
1327	31.75	12.120918557051139
1328	9.890151515151516	14.619318105873198
1329	28.375	9.694438759265173
1330	3.8809523809523805	3.309238311312469
1331	32.6	23.638950907347812
1332	2.6666666666666665	2.0816659994661326
1333	7.75	3.947573094109004
1334	13.05952380952381	17.969026481654833
1335	17.166666666666668	22.49814807193398
1336	27.4	30.40230254437976
1337	50.714285714285715	22.80142017297962
1338	11.4	8.848728722251575
1339	20.710317460317462	13.108670239567987
1340	2.6666666666666665	0.5773502691896258
1341	5.571428571428571	6.618322884401893
1342	27.48	19.17055033117203
1343	6.059523809523809	9.948232919334881
1344	1.1111111111111112	1.6379469986450632
1345	15.0	22.522211259110417
1346	6.38	9.542942660921192
1347	19.352564102564102	17.147793957440637
1348	16.770833333333332	23.832495614648128
1349	14.333333333333334	8.504900548115382
1350	46.61538461538461	13.041845865894276
1351	30.666666666666668	25.403411844343534
1352	26.108333333333334	21.44614524084946
1353	20.0	16.55294535724685
1354	3.1388888888888893	5.8000493438049645
1355	28.83486707566462	21.330236098069115
1356	20.09993084370678	20.37647828750285
1357	28.863636363636367	27.340725455353056
1358	19.936274509803916	19.727556959047
1359	18.220238095238095	19.05294039107317
1360	4.666666666666667	6.023103666530884
1361	9.0	3.4641016151377544
1362	29.128472222222218	21.87052893115901
1363	31.5	11.618950038622252
1364	34.666666666666664	20.72357755472415
1365	11.46875	12.115837849101245
1366	12.083333333333334	16.091642931106264
1367	20.190476190476193	17.988532502327743
1368	0.3888888888888889	0.048112522432468836
1369	4.461538461538462	4.18739502143362
1370	43.285714285714285	33.97898510213965
1371	25.15	19.094829142990516
1372	11.333333333333334	16.19670748434179
1373	17.0	7.461009761866464
1374	30.027777777777775	29.47177714607906
1375	21.666666666666668	11.846237095944574
1376	22.473684210526315	25.815840143973254
1377	44.098484848484844	31.230034025798393
1378	14.204402515723274	17.38253131091776
1379	15.056089743589745	19.61527239142015
1380	20.435897435897438	13.330127819803817
1381	13.45	16.412656469860718
1382	45.333333333333336	29.838453936712828
1383	32.0	30.813957876261206
1384	20.333333333333332	9.814954576223638
1385	12.0	12.987173159185437
1386	3.25	3.2797781090257376
1387	28.270833333333336	20.982874410302284
1388	32.43181818181818	21.791079284047324
1389	17.75	17.28619391306253
1390	9.888888888888888	8.22642535212434
1391	11.285714285714286	12.13417056242804
1392	11.85	18.754666086070422
1393	24.181818181818183	24.378762767500614
1394	35.666666666666664	25.774664562964407
1395	9.833333333333334	10.778064142816495
1396	19.25	22.087931911138966
1397	16.272727272727273	12.775687136830715
1398	39.0	2.309401076758502
1399	50.25	5.315072906367326
1400	16.25	18.26084152861892
1401	17.333333333333332	9.29157324317757
1402	21.423780487804876	19.838529428013853
1403	4.541666666666666	4.425530189741955
1404	11.194444444444443	16.88351576464936
1405	19.852941176470587	13.317944550824032
1406	0.7222222222222222	0.2545875386086578
1407	19.181818181818183	11.720223392224074
1408	6.092592592592593	3.785123577087961
1409	4.338541666666667	3.6753015434362917
1410	34.2	37.5259909929105
1411	5.571428571428571	2.507132682112035
1412	23.0	14.177446878757825
1413	12.333333333333334	2.516611478423583
1414	40.93150684931507	18.29794217871635
1415	13.819444444444445	19.029247712889717
1416	25.86904761904762	18.476610052918772
1417	42.72612681436211	17.5160054911549
1418	12.933333333333332	10.01332445627658
1419	41.07142857142857	27.565722330805112
1420	8.601190476190476	16.224789074901114
1421	4.755555555555556	12.791148260365297
1422	25.142857142857142	22.62320763750189
1423	41.666666666666664	22.501851775650227
1424	24.0	31.192947920964443
1425	25.4	16.742162345408076
1426	24.470588235294116	21.242991923981727
1427	21.256666666666664	19.522362533486795
1428	13.666666666666666	2.5166114784235836
1429	19.802083333333336	18.905439032193886
1430	23.166666666666668	36.23649173600189
1431	13.79761904761905	15.889655464913352
1432	26.238095238095237	21.526653836507553
1433	36.0	28.61235164516658
1434	4.007575757575758	4.36714440704109
1435	12.178030303030301	16.368287336403903
1436	6.62037037037037	8.357788191668302
1437	30.0	21.354156504062622
1438	12.491071428571429	12.902438186451539
1439	42.4	23.19051530259731
1440	24.645833333333332	23.199654271849255
1441	18.5	9.03696114115064
1442	3.083333333333333	3.4207292919622985
